BANKING_SUB,BANKING_POTENTIAL,BANKING_NOISE,BANKING_ATM_KEY,BANKING_BANK_START,BANKING_BANK_BI,BANKING_BANK_BRAND_K,BANKING_BANK_BRAND_V,FIN_SUB,LIFE_KEY,COP_KEY,PAWN_KEY,HEALTH_SUB,HEALTH_NOISE,HEALTH_HOSPITAL_KEY_1,HEALTH_HOSPITAL_KEY_2,HEALTH_HOSPITAL_STOPWORD,HEALTH_CLINIC_KEY,HEALTH_APOTEK_SUB,HEALTH_APOTEK_KEY,HEALTH_APOTEK_BRAND,SCHOOL_NOISE,SCHOOL_SUB,SCHOOL_NEGERI_KEY,SCHOOL_SWASTA_KEY,SCHOOL_SWASTA_BRAND_K,SCHOOL_SWASTA_BRAND_V,SCHOOL_TK_KEY,SCHOOL_SD_KEY,SCHOOL_SMP_KEY,SCHOOL_SMA_KEY,SCHOOL_INTER_KEY,SCHOOL_SPECIAL_KEY,SCHOOL_NONFORMAL_KEY,SCHOOL_UNIT_KEY,UNIV_SUB,UNIV_SUB_NOISE,UNIV_ENTRY,UNIV_POTENTIAL_K,UNIV_POTENTIAL_V,UNIV_NOISE,UNIV_STOPWORDS,UNIV_SWASTA_BRAND_K,UNIV_SWASTA_BRAND_V,STORE_SUB,STORE_NOISE,STORE_START_NOISE,STORE_MINIMARKET_KEY,STORE_SUPERMARKET_KEY,STORE_SUPERMARKET_BRAND_K,STORE_SUPERMARKET_BRAND_V,STORE_MALL_KEY,STORE_MALL_BRAND_K,STORE_MALL_BRAND_V,HOSPITALITY_SUB,HOSPITALITY_NOISE,HOSPITALITY_VILLA_KEY,HOSPITALITY_HOTEL_KEY,HOSPITALITY_GUEST_KEY,HOSPITALITY_BOARD_KEY,INDUSTRY_OFFICE_KEY,INDUSTRY_WAREHOUSE_KEY,INDUSTRY_FACTORY_KEY,INDUSTRY_SUB,Unnamed: 60,Unnamed: 61,Unnamed: 62,FNB_KAFE_SUB,FNB_KAFE_KEY,FNB_RESTO_SUB,FNB_RESTO_KEY,FNB_FAST_SUB,FNB_FAST_KEY
atm,kantorcabang,ksu,atm ,bank ,bank indonesia,Mandiri,atm mandiri,asuransi,asuransi,ksu ,pegadaian,rumah sakit,unit,rs ,hospital,rs ,poskesdes,apotek,apotek,k24,mess ,pendidikan,negeri,islam,Pelita Harapan,pelita harapan,tk ,sd ,smp,sma ,school,slb ,bimbel,upt ,universitas,dasar,universitas,University,universitas,gedung,universitas,Universitas Airlangga,universitas airlangga,toko,toko,toko,alfamart,hypermart,Superindo,superindo,plaza,Pakuwon Jati,pakuwon,empty_subclass,toko,vila,hotel,guest house,kos ,kantor,gudang,pabrik,kantor akuntan,,,,kafe,kopi,,,,
bank,kcp,ksp , atm,pt bank ,kantor perwakilan bank indonesia,Mandiri,bank mandiri,kantor perusahaan,life, ksu,pawn,dokter,klinik,rumah sakit,hospitals,rumah sakit,puskesmas,obat,apotik,k 24,perumahan,bermain,negri,kristen,Pelita Harapan,sph,taman kanak kanak,sdn ,smpn,sman,college, slb,bimbingan belajar, upt,perguruan,menengah,institut,University,university,posko,university,Universitas Andalas,universitas andalas,perbelanjaan,kios,kios,alfamidi,giant,Superindo,super indo,mall,Pakuwon Jati,kota kasablanka,hotel,kos,villa,motel,penginapan,koss ,pt ,warehouse,,konsultan pajak,,,,kedai kopi,coffee,,,,
kredit,kc, ksp,cdm, bank,,Mandiri,livin,bank,allianz,ksp ,pt pegadaian,klinik,poli,rsud,siloam,hospital,puskemas,kecantikan,farmasi,watsons,,sekolah,tk negeri,katolik,Pelita Harapan,uph,paud ,sds ,mts,smk,international,sekolah luar biasa,kursus,uptd,sekolah,kejuruan,sekolah tinggi ,Institute,institut,wisma,perguruan tinggi,Universitas Bangka Belitung,universitas bangka belitung,minimarket,depot,depot,indomart,foodmart,Hypermart,hypermart,citywalk,Pakuwon Jati,gandaria city,motel,kost,,hostel,rumah wisata,kost ,,,,layanan hukum,,,,,cafe,,,,
 uang,kcu,sampah,ant ,,,Mandiri,taspen,koperasi,prudential, ksp,,kesehatan,igd,rsu,,hospitals,klinik,rumah sakit,pharmacy,guardian,,taman kanak,paud negeri,muhammadiyah,Bina Nusantara ,binus,bimba,sdi ,sekolah menengah pertama,slta,internationals,skh ,les privat, uptd,,pendidikan umum,st ,Institute,institute,sekre,pascasarjana,Universitas Bengkulu,universitas bengkulu,hipermarket,parabot,bengkel,alfa express,food mart,Hypermart,hyper mart,grand ,Pakuwon Jati,royal plaza,vila,indomaret,,,homestay,kosan ,,,,firma hukum,,,,,kupi,,,,
keuangan,kantor,koperasi,crm,,,BCA,bca,gadai,insurance,kpri ,,sehat,laboratorium,rsia,,rsud,clinic,,drugstore,century,,prasekolah,paud negri,muhamadiyah,Bina Nusantara ,bina nusantara,aiueo,sds ,smpni,smu,education,,blk ,,,rumah sakit,politeknik,Polytechnic,politeknik,sekretariat,pasca sarjana,Universitas Borneo Tarakan,universitas borneo tarakan,swalayan,bengkel,cell,alfa expres,carrefour,Transmart,transmart,mal ,Pakuwon Jati,food festival surabaya,villa,indomart,,,,kostan ,,,,jasa akuntansi,,,,,janji jiwa ,,,,
,kk ,kpri,,,,BCA,bank central asia,uang,assurance,koperasi,,gawat,kamar,rsk,,rsu,puskesdes,,apoteka,kimia farma,,pembelajaran,sdn,pgri,Ciputra,ciputra,ra ,sekolah dasar,madrasah tsanawiyah,sekolah menengah atas,academy,,blkk ,,,sekolah swasta,akademi,Polytechnic,polytechnic,lapangan,magister,Universitas Brawijaya,universitas brawijaya,mal outlet,cell,minimarket,indo mart,transmart,Transmart,trans mart, mal,Pakuwon Jati,food junction,hostel,alfamart,,,,koskosan,,,,konsultan manajemen,,,,,kopi kenangan,,,,
,,,,,,BCA,bank bca,pinjam,bpjs,cooperative,,rawat,jenazah,rspi,,rsia,pkm,,,kimiafarma,,pemberhentian bus,sd n,swastatk ,Ciputra,sekolah ciputra,raudatul,min ,sltp,sekolah menengah kejuruan,al azhar,,balai latihan kerja,,,,university,Polytechnic,polytechnique,halte,profesi,Universitas Cenderawasih,universitas cenderawasih,toserba,warung,olshop,alfa midi,papaya,Carrefour,carrefour,center,Pakuwon Jati,tunjungan plaza,penginapan,alfamaret,,,,kos2 ,,,,akuntan ,,,,,fore ,,,,
,,,,,,BRI,bri,,,kud ,,gigi,dialisis,rsj,,rusd,pustu,,,,,yayasan,sd neg,taman kanak kanak,Global Jaya,global jaya,raudhatul,madrasah ibtidaiyah,,madrasah aliah,alazhar,,,,,,college,Polytechnic,poltekkes,laboratorium,sekolah,Universitas Diponegoro,universitas diponegoro,supermarket,reseller,lapak,lawson,lotte,Carrefour,carefour,square,Pakuwon Jati,blok plaza,pondok,,,,,koss2 ,,,,,,,,,flash coffe,,,,
,,,,,,BRI,bank raya,,,kspps ,,,radiologi,rsd,,rsk,health center,,,,,,sd negeri,paud,Mentari Intercultural,mentari Intercultural,sekolah tk,mis ,,madrasah aliyah,,,,,,,insititute,College,sekolah tinggi,kkn,sekolah tinggi,Universitas Gadjah Mada,universitas gadjah mada,kios,lapak,rumah,circle k,superindo,Lotte Mart,lotte,lippo,Pakuwon Jati,east coast,akomodasi,,,,,kost2,,,,,,,,,starbucks,,,,
,,,,,,BRI,bank rakyat indonesia,,,bmt ,,,farmasi,rsbh,,rspi,medical center,,,,,,sd negri,bimba,Cikal,cikal,tkq ,mi ,,ma ,,,,,,,,College,st ,,school,Universitas Halu Oleo,universitas halu oleo,,waroeng,warung,alfamaret,super indo,Lotte Mart,lottemart,aeon,Pakuwon Jati,plaza blok ,breakfast,,,,,kostan ,,,,,,,,,,,,,
,,,,,,BRI,bank bri,,, bmt,,,ruang,rsgm,,rsj,pusat kesehatan,,,,,,sd impres,ra ,Cikal,sekolah cikal,tkit ,sdit,,man ,,,,,,,,College,stie ,,politeknik,Universitas Hasanuddin,universitas hasanuddin,,online,waroeng,indomaret,tip top,Lotte Mart,lotte mart,icon,Lippo Group,lippo ,guest,,,,, kos,,,,,,,,,,,,,
,,,,,,BNI,bni,,,kopma ,,,ruang icu,rsab ,,rsd,kinik,,,,,,sd inpres,raudhatul,Gandhi,gandhi,kb ,sdk ,,sltpn ,,,,,,,,College,stba ,,polytechnic,Universitas Indonesia,universitas indonesia,,usaha,pasar,alfa maret,ramayana,Ranch Market,ranch market,living world,Lippo Group,plaza medan fair,penyewaan,,,,, koss,,,,,,,,,,,,,
,,,,,,BNI,wondr,,,kopkar ,,,iccu,rsa ,,rsbh,klini,,,,,,sd inp,raudatul,Gandhi,mahatma gandhi,pos paud,sdkd ,,smas ,,,,,,,,College,stkip ,,poletekkes,Universitas Jambi,universitas jambi,,,online,indo maret,robinson,Ranch Market,the gourmet,,Lippo Group,mall of serang,rumah,,,,, kost,,,,,,,,,,,,,
,,,,,,BNI,bank negara indonesia,,,kud ,,,icu,rsad ,,rsgm,klinic,,,,,,sd no,sd ,Gandhi,gandhi school,sps ,sdn ,,mas ,,,,,,,,College,stikom,,akademi,Universitas Jember,universitas jember,,,online shop,k3mart,informas,Farmers Market,farmers market,,Lippo Group,kediri town square,apartemen,,,,, kosan,,,,,,,,,,,,,
,,,,,,BNI,bank bni,,,,,,igd,rsai ,,unit,klinki,,,,,,sekolah dasar negeri,sds ,Kalam Kudus,kalam kudus,ba ,sdnu,,skma ,,,,,,,,College,stik ,,academy,Universitas Jenderal Soedirman,universitas jenderal soedirman,,,usaha,family mart,supermarket,Farmers Market,farmer market,,Lippo Group,kudus extension ,properti,,,,, kostan,,,,,,,,,,,,,
,,,,,,BSI,bsi,,,,,,ugd,rsal ,,klinik,ponkendes,,,,,,sekolah dasar negri,sdi ,Al-Azhar,al azhar,,madrasah diniyah,,skmn ,,,,,,,,College,stp ,,institut,Universitas Khairun,universitas khairun,,,,bright,super market,AEON Supermarket,aeon,,Lippo Group,metropolis town square,wisata,,,,, koskosan,,,,,,,,,,,,,
,,,,,,BSI,byond,,,,,,emergency,rsau ,,poli,balai kesehatan,,,,,,mi ,mi,Al-Azhar,azhar,,madrasah diniah ,,smada ,,,,,,,,College,sttt ,,institute,Universitas Lambung Mangkurat,universitas lambung mangkurat,,,,alfaexpress,hyper mart,Grand Lucky,grand lucky,,Lippo Group,cibubur junction,losmen,,,,, kos2,,,,,,,,,,,,,
,,,,,,BSI,bank syariah indonesia,,,,,,darurat,rsb ,,igd,balai pengobatan,,,,,,min ,madrasah ibtidaiyah,BPK Penabur,bpk penabur,,mima,,smaga ,,,,,,,,College,stbm,,campus,Universitas Lampung,universitas lampung,,,,alfaexpres,oh some,Grand Lucky,grandlucky,,Lippo Group,malang town square,restoran,,,,, koss2,,,,,,,,,,,,,
,,,,,,BSI,bank bsi,,,,,,instalasi,rsi ,,laboratorium,pustu,,,,,,madrasah ibtidaiyah negeri,sditmts,BPK Penabur,penabur,,minu,,smai ,,,,,,,,College,stt ,,kampus,Universitas Malikussaleh,universitas malikussaleh,,,,coco mart,miniso,Papaya Gallery,papaya,,Lippo Group,mall gtc makassar,kafe,,,,, kost2,,,,,,,,,,,,,
,,,,,,BTN,btn,,,,,,kepegawaian,rspmd ,,kamar,dental,,,,,,madrasah ibtidaiyah negri,mtss,Sang Timur,sang timur,,madin ,,smait ,,,,,,,,College,stikes,,aula,Universitas Maritim Raja Ali Haji,universitas maritim raja ali haji,,,,cocomart,papaya,Giant,giant,,Lippo Group,bellanova country,homestay,,,,, kostan,,,,,,,,,,,,,
,,,,,,BTN,bank tabungan negara,,,,,,perawatan,rst ,,jenazah,gigi,,,,,,smpn,madrasah tsanawiyah,Tarakanita,tarakanita,,pendidikan sekolah dasar,,smak ,,,,,,,,College,college,,auditorium,Universitas Mataram,universitas mataram,,,,coco supermarket,ranch market,ADA Swalayan,ada swalayan,,Lippo Group,istana plaza,home stay,,,,,,,,,,,,,,,,,,
,,,,,,BTN,bank btn,,,,,,vip,rspad ,,dialisis,pukemas,,,,,,smp negeri,smp it,Kolese Kanisius,kolese kanisius,,sdih ,,smap smas ,,,,,,,,Academy,akademi,,hall ,Universitas Mulawarman,universitas mulawarman,,,,alfa mart,farmers market,Metro,metro,,Lippo Group,pluit village,home,,,,,,,,,,,,,,,,,,
,,,,,,BTPN/SMBC,bptn,,,,,,parkiran,rspau ,,radiologi,dokter,,,,,,smp negri,smp pgri,Kolese Kanisius,kanisius,,sdict ,,smart ,,,,,,,,Academy,academy,,lantai,Universitas Musamus Merauke,universitas musamus merauke,,,,swalayan,farmer market,Tip Top,tip top ,,Lippo Group,benton junction,,,,,,,,,,,,,,,,,,,
,,,,,,BTPN/SMBC,btpn,,,,,,perawat,rspal ,,farmasi,bidan,,,,,,smp n,mas ,Marsudirini,marsudirini,,sdia ,,smat ,,,,,,,,,,,gedung,Universitas Negeri Gorontalo,universitas negeri gorontalo,,,,familymart,matahari,Ramayana,ramayana,,Lippo Group,gajah mada plaza,,,,,,,,,,,,,,,,,,,
,,,,,,BTPN/SMBC,smbc,,,,,,bagian,rsppn ,,ruang,praktek,,,,,,sekolah menengah pertama negeri,ma ,Waskito,waskito,,sdip ,,smea ,,,,,,,,,,,center,Universitas Negeri Jakarta,universitas negeri jakarta,,,,,grand lucky,Robinson,robinson,,Lippo Group,plaza pekalongan,,,,,,,,,,,,,,,,,,,
,,,,,,BTPN/SMBC,sumitomo,,,,,,icu,rsp ,,ruang icu,spesialis,,,,,,sekolah menengah pertama negri,sma pgri,Permai,permai,,sdiu ,,smii ,,,,,,,,,,,centre,Universitas Negeri Makassar,universitas negeri makassar,,,,,grand lucky,Matahari,matahari,,Lippo Group,palembang icon,,,,,,,,,,,,,,,,,,,
,,,,,,BTPN/SMBC,bank smbc,,,,,,rawat,rstp ,,iccu,pkd ,,,,,,mtsn,smk ,Cendana,cendana,,sdm ,,smik ,,,,,,,,,,,sentra,Universitas Negeri Malang,universitas negeri malang,,,,,informa,Informa,informa,,Lippo Group,tamini square,,,,,,,,,,,,,,,,,,,
,,,,,,BTPN/SMBC,bank btpn,,,,,,inap,rsia ,,igd,posyandu,,,,,,madrasah tsanawiyah negeri,sekolah menengah atas,Pembangunan Jaya,pembangunan jaya ,,sdmi,,smiki ,,,,,,,,,,,akademik,Universitas Negeri Manado,universitas negeri manado,,,,,pepito,IKEA,ikea,,Lippo Group,plaza aceh,,,,,,,,,,,,,,,,,,,
,,,,,,BTPN/SMBC,bank tabungan pensiun,,,,,,gedung,rsnu ,,ugd,ponkesdes,,,,,,sman,madrasah aliyah,YPKBI,kemala taruna bhayangkara,,sdmpk ,,smtk ,,,,,,,,,,,academic,Universitas Negeri Medan,universitas negeri medan,,,,,uncle jo,Pepito,pepito,,Lippo Group,mall wtc matahari,,,,,,,,,,,,,,,,,,,
,,,,,,CIMB Niaga,cimb,,,,,,lobby,rsmh ,,emergency,dr ,,,,,,sma n,smkk,YPKBI,global darussalam academy,,sdmu ,,ssb ,,,,,,,,,,,kantor,Universitas Negeri Padang,universitas negeri padang,,,,,metro,Hero,hero,,Lippo Group,city of tomorrow,,,,,,,,,,,,,,,,,,,
,,,,,,CIMB Niaga,cimb niaga,,,,,,loby,rsmn ,,darurat,polindes,,,,,,sma negeri,smks,YPKBI,matauli pandan,,sdn1,,stm ,,,,,,,,,,,ruang,Universitas Negeri Semarang,universitas negeri semarang,,,,,tip top,Sogo ,sogo,,Lippo Group,sun plaza,,,,,,,,,,,,,,,,,,,
,,,,,,DBS,dbs,,,,,,room,rsmp ,,instalasi,poli,,,,,,sma negri,,YPKBI,insan cendekia serpong,,sdn2,,stmi ,,,,,,,,,,,studio,Universitas Negeri Surabaya,universitas negeri surabaya,,,,,ikea,Growell,growell,,Lippo Group,palembang square,,,,,,,,,,,,,,,,,,,
,,,,,,DBS,digibank,,,,,,limbah,pusat jantung,,kepegawaian,kantor psc,,,,,,smun,,YPKBI,ic serpong,,sdn3,,stmik ,,,,,,,,,,,perpustakaan,Universitas Negeri Yogyakarta,universitas negeri yogyakarta,,,,,growell,The Food Hall,the food hall,,Lippo Group,palembang square extension,,,,,,,,,,,,,,,,,,,
,,,,,,Maybank,maybank,,,,,,longue,pusat nasional kanker,,perawatan,doktor,,,,,,smkn,,YPKBI,iibs al hikmah,,sdn4,,stmn ,,,,,,,,,,,librarypintu,Universitas Nusa Cendana,universitas nusa cendana,,,,,the food hall,Kem Chicks,kem chicks,,Lippo Group,senayan park,,,,,,,,,,,,,,,,,,,
,,,,,,Maybank,bii,,,,,,apotek,rscm,,vip,praktik,,,,,,smk negeri,,Lentera Harapan,slh,,sdn5,,,,,,,,,,,,,lobi,Universitas Padjadjaran,universitas padjadjaran,,,,,kem chick,Kem Chicks,kem chick ,,Lippo Group,maxxbox ,,,,,,,,,,,,,,,,,,,
,,,,,,Maybank,bank internasional indonesia,,,,,,hospitality,rscs,,parkiran,pet ,,,,,,smk negri,,Lentera Harapan,sekolah lentera harapan,,sdn6,,,,,,,,,,,,,lobby,Universitas Papua,universitas papua,,,,,hipermart,,,,Lippo Group,sudirman tower,,,,,,,,,,,,,,,,,,,
,,,,,,Bank Mega,mega syariah,,,,,,lobby,rsijt,,perawat,medical,,,,,,man ,,Jamiat Kheir,jamiat kheir,,sdn7,,,,,,,,,,,,,lobi,Universitas Palangka Raya,universitas palangka raya,,,,,,,,,Lippo Group,citywalk elvee,,,,,,,,,,,,,,,,,,,
,,,,,,Bank Mega,bank mega,,,,,,parkiran,rsit,,bagian,medika,,,,,,ma negeri,,Jamiat Kheir,binakheir,,sdn8,,,,,,,,,,,,,gerbang,Universitas Pattimura,universitas pattimura,,,,,,,,,Lippo Group,omotesnado,,,,,,,,,,,,,,,,,,,
,,,,,,Allo,allo bank,,,,,,asrama,rsmc,,icu,baznas,,,,,,ma negri,,Jamiat Kheir,bina kheir,,sdn9,,,,,,,,,,,,,dekanat,Universitas Pembangunan Nasional Veteran Jakarta,universitas pembangunan nasional veteran jakarta,,,,,,,,,Lippo Group,wtc matahari serpong,,,,,,,,,,,,,,,,,,,
,,,,,,OCBC,ocbc,,,,,,katering,rspd,,rawat,dentist,,,,,,madrasah aliyah negeri,,Yasporbi,yasporbi,,sdn0,,,,,,,,,,,,,senat,Universitas Pembangunan Nasional Veteran Jawa Timur,universitas pembangunan nasional veteran jawa timur,,,,,,,,,Lippo Group,bandung indah plaza,,,,,,,,,,,,,,,,,,,
,,,,,,OCBC,ocbc nisp,,,,,,yayasan,rspg,,inap,dentis,,,,,,madrasah aliyah negri,,Muhammadiyah,muhammadiyah,,sdq,,,,,,,,,,,,,rektorat,Universitas Pembangunan Nasional Veteran Jawa Yogyakarta,universitas pembangunan nasional veteran jawa yogyakarta,,,,,,,,,Lippo Group,depok town square,,,,,,,,,,,,,,,,,,,
,,,,,,ICBC,icbc,,,,,,foundation,rspj,,gedung,drg ,,,,,,,,Al-Falah,alfalah,,sdt2q ,,,,,,,,,,,,,sekretariat,Universitas Pendidikan Ganesha,universitas pendidikan ganesha,,,,,,,,,Lippo Group,blu plaza ,,,,,,,,,,,,,,,,,,,
,,,,,,Panin,bank panin,,,,,,guest house,rspur,,lobby, dr,,,,,,,,Al-Falah,al falah ,,sdtq,,,,,,,,,,,,,sekre,Universitas Pendidikan Indonesia,universitas pendidikan indonesia,,,,,,,,,Lippo Group,grand mall bekasi,,,,,,,,,,,,,,,,,,,
,,,,,,Panin,paninbank,,,,,,kantin,rssp,,loby, drg,,,,,,,,Al-Bayan,albayan,,sit ,,,,,,,,,,,,,prodi,Universitas Sam Ratulangi,universitas sam ratulangi,,,,,,,,,Lippo Group,plaza madiun,,,,,,,,,,,,,,,,,,,
,,,,,,Panin,panin bank,,,,,,musholla,rswu,,room,bpm ,,,,,,,,Al-Bayan,al bayan,,,,,,,,,,,,,,,program studi,Universitas Samudra,universitas samudra,,,,,,,,,Lippo Group,plaza gresik,,,,,,,,,,,,,,,,,,,
,,,,,,Permata,bank permata,,,,,,masjid,,,limbah,pos kesehatan,,,,,,,,Highscope,highscope,,,,,,,,,,,,,,,program,Universitas Seni Budaya Indonesia Aceh,universitas seni budaya indonesia aceh,,,,,,,,,Lippo Group,plaza semanggi,,,,,,,,,,,,,,,,,,,
,,,,,,Permata,permata bank,,,,,,atm,,,longue,pos kb,,,,,,,,Highscope,high scope,,,,,,,,,,,,,,,studi,Universitas Sembilanbelas November Kolaka,universitas sembilanbelas november kolaka,,,,,,,,,Agung Podomoro Land,thamrin city,,,,,,,,,,,,,,,,,,,
,,,,,,UOB,uob,,,,,,satpam,,,apotek,pos kes,,,,,,,,Jakarta Intercultural ,jakarta intercultural ,,,,,,,,,,,,,,,jurusan,Universitas Siliwangi,universitas siliwangi,,,,,,,,,Agung Podomoro Land,seasons city,,,,,,,,,,,,,,,,,,,
,,,,,,UOB,tmrw,,,,,,pos,,,hospitality,poned ,,,,,,,,Jakarta Intercultural ,jis ,,,,,,,,,,,,,,,fakultas,Universitas Sultan Ageng Tirtayasa,universitas sultan ageng tirtayasa,,,,,,,,,Agung Podomoro Land,blok b tanah abang,,,,,,,,,,,,,,,,,,,
,,,,,,Bank Mayapada,mayapada bank,,,,,,,,,lobby,ponek ,,,,,,,,YBHK,tarsisius,,,,,,,,,,,,,,,faculty,Universitas Sulawesi Barat,universitas sulawesi barat,,,,,,,,,Agung Podomoro Land,blok square,,,,,,,,,,,,,,,,,,,
,,,,,,Bank Artha Graha,artha graha,,,,,,,,,parkiran,pos yandu,,,,,,,,YBHK,bunda hati kudus,,,,,,,,,,,,,,,departement,Universitas Sumatera Utara,universitas sumatera utara,,,,,,,,,Agung Podomoro Land,braga citywalk,,,,,,,,,,,,,,,,,,,
,,,,,,Bank Danamon,danamon,,,,,,,,,asrama,posiandu,,,,,,,,YBHK,sekolah damai ,,,,,,,,,,,,,,,departemen,Universitas Sriwijaya,universitas sriwijaya,,,,,,,,,Agung Podomoro Land,cosmo terrace,,,,,,,,,,,,,,,,,,,
,,,,,,Bank Muamalat ,muamalat ,,,,,,,,,katering,poskesde ,,,,,,,,YBHK,sekolah vianney,,,,,,,,,,,,,,,dept,Universitas Syiah Kuala,universitas syiah kuala,,,,,,,,,Agung Podomoro Land,mangga dua square,,,,,,,,,,,,,,,,,,,
,,,,,,Bank Bukopin,bukopin,,,,,,,,,yayasan,poskeslur,,,,,,,,Santo Markus ,santo markus,,,,,,,,,,,,,,,internasional,Universitas Tadulako,universitas tadulako,,,,,,,,,Agung Podomoro Land,central park,,,,,,,,,,,,,,,,,,,
,,,,,,Bank Bukopin,kb bukopin,,,,,,,,,foundation,poskesri,,,,,,,,Santo Yakobus,santo yakobus,,,,,,,,,,,,,,,international,Universitas Tanjungpra,universitas tanjungpra,,,,,,,,,Agung Podomoro Land,neo soho,,,,,,,,,,,,,,,,,,,
,,,,,,Seabank,seabank,,,,,,,,,guest house,poskestren,,,,,,,,Santo Leo,santo leo,,,,,,,,,,,,,,,stie ,Universitas Terbuka,universitas terbuka,,,,,,,,,Agung Podomoro Land,senayan city,,,,,,,,,,,,,,,,,,,
,,,,,,Bank Sampoerna,sahabat sampoerna,,,,,,,,,kantin,postu,,,,,,,,Santo Yoseph,santo yoseph ,,,,,,,,,,,,,,,stikom ,Universitas Teuku Umar,universitas teuku umar,,,,,,,,,Agung Podomoro Land,balikpapan trade center,,,,,,,,,,,,,,,,,,,
,,,,,,Bank Mayapada,bank mayapada,,,,,,,,,musholla,posko kesehatan,,,,,,,,Santo Dominikus,santa theresia,,,,,,,,,,,,,,,stba ,Universitas Timor,universitas timor,,,,,,,,,Agung Podomoro Land,baywalk mall,,,,,,,,,,,,,,,,,,,
,,,,,,Bank Sinarmas,bank sinarmas,,,,,,,,,masjid,psc ,,,,,,,,Santo Dominikus,santo yusup,,,,,,,,,,,,,,,sttn ,Universitas Tidar,universitas tidar,,,,,,,,,Agung Podomoro Land,borneo bay city,,,,,,,,,,,,,,,,,,,
,,,,,,Bank Sinarmas,sinarmas bank,,,,,,,,,atm,pukesmas,,,,,,,,Santo Dominikus,santa maria,,,,,,,,,,,,,,,stmik ,Universitas Trunojoyo,universitas trunojoyo,,,,,,,,,Agung Podomoro Land,emporium pluit,,,,,,,,,,,,,,,,,,,
,,,,,,Bank Woori Bersaudara,woori,,,,,,,,,poskesdes,pusban ,,,,,,,,Santo Dominikus,santo mikael,,,,,,,,,,,,,,,sttp ,Universitas Udayana,universitas udayana,,,,,,,,,Agung Podomoro Land,festival citylink,,,,,,,,,,,,,,,,,,,
,,,,,,Bank Woori Bersaudara,bank saudara,,,,,,,,,puskesmas,puskes ,,,,,,,,Bina Bangsa,bina bangsa,,,,,,,,,,,,,,,stp ,Universitas Islam Negeri Ar-Raniry Banda Aceh,universitas islam negeri ar-raniry banda aceh,,,,,,,,,Agung Podomoro Land,garden shopping,,,,,,,,,,,,,,,,,,,
,,,,,,Bank Woori Bersaudara,woori bersaudara,,,,,,,,,puskemas,puskeskel,,,,,,,,Lentera Kasih ,lentera kasih ,,,,,,,,,,,,,,,stai ,Universitas Riau,universitas riau,,,,,,,,,Agung Podomoro Land,harco glodok,,,,,,,,,,,,,,,,,,,
,,,,,,Commonwealth Bank,commonwealth,,,,,,,,,klinik,puskeswan,,,,,,,,Santa Ursula,santa ursula,,,,,,,,,,,,,,,stt ,Universitas Singaperbangsa,universitas singaperbangsa,,,,,,,,,Agung Podomoro Land,kalibata city square,,,,,,,,,,,,,,,,,,,
,,,,,,J-Trust Bank,trust bank,,,,,,,,,clinic,puskresdes,,,,,,,,Pengudi Luhur,pengudi luhur,,,,,,,,,,,,,,,st ,Institut Pertanian Bogor,institut pertanian bogor,,,,,,,,,Agung Podomoro Land,kuningan city,,,,,,,,,,,,,,,,,,,
,,,,,,J-Trust Bank,j trust ,,,,,,,,,puskesdes,pos kesehatan,,,,,,,,Ragina Pacis,ragina pacis,,,,,,,,,,,,,,,sti ,Institut Seni Budaya Indonesia Aceh,institut seni budaya indonesia aceh,,,,,,,,,Agung Podomoro Land,lindeteves trade,,,,,,,,,,,,,,,,,,,
,,,,,,J-Trust Bank,jtrust,,,,,,,,,pkm,pos yandu,,,,,,,,Harapan Bangsa,harapan bangsa,,,,,,,,,,,,,,,sttkip,Institut Pemerintahan Dalam Negeri,institut pemerintahan dalam negeri,,,,,,,,,Agung Podomoro Land,orchard park ,,,,,,,,,,,,,,,,,,,
,,,,,,Bank Kencana ,bank kencana,,,,,,,,,pustu,posbindu,,,,,,,,Dilaraf,dilaraf,,,,,,,,,,,,,,,stieper,Institut Seni Budaya Indonesia Bandung,institut seni budaya indonesia bandung,,,,,,,,,Agung Podomoro Land,plaza kenari mas,,,,,,,,,,,,,,,,,,,
,,,,,,Bank Kencana ,kencana bank ,,,,,,,,,health center,posbit ,,,,,,,,Adzkia International,adzkia,,,,,,,,,,,,,,,stiem ,Institut Seni Budaya Indonesia Kalimantan Timur,institut seni budaya indonesia kalimantan timur,,,,,,,,,Agung Podomoro Land,podomoro,,,,,,,,,,,,,,,,,,,
,,,,,,Bank Maspion ,bank maspion,,,,,,,,,medical center,poskedes,,,,,,,,Santa Maria,santa maria,,,,,,,,,,,,,,,stm ,Institut Seni Budaya Indonesia Sulawesi Selatan,institut seni budaya indonesia sulawesi selatan,,,,,,,,,Agung Podomoro Land,the plaza balikpapan,,,,,,,,,,,,,,,,,,,
,,,,,,Bank Victoria,bank victoria,,,,,,,,,pusat kesehatan,poskeedes,,,,,,,,St. Louis,st louis,,,,,,,,,,,,,,,stpn ,Institut Seni Budaya Indonesia Tanah Papua,institut seni budaya indonesia tanah papua,,,,,,,,,Agung Sedayu Group,pik avenue,,,,,,,,,,,,,,,,,,,
,,,,,,Bank Victoria,victoria bank,,,,,,,,,umum,poskes,,,,,,,,St. Louis,santo louis,,,,,,,,,,,,,,,stkip ,Institut Seni Indonesia Denpasar,institut seni indonesia denpasar,,,,,,,,,Agung Sedayu Group,harmoni exchange,,,,,,,,,,,,,,,,,,,
,,,,,,BNP,bnp,,,,,,,,,rumah sakit umum,poskesde,,,,,,,,Sampoerna Foundation,sampoerna,,,,,,,,,,,,,,,stmi ,Institut Seni Indonesia Padang Panjang,institut seni indonesia padang panjang,,,,,,,,,Agung Sedayu Group,mall of indonesia,,,,,,,,,,,,,,,,,,,
,,,,,,BNP,nusantara parahyangan,,,,,,,,,rumah sakit islam,poskeskel,,,,,,,,Sampoerna Foundation,sampoerna academy ,,,,,,,,,,,,,,,sttan ,Institut Seni Indonesia Bali,institut seni indonesia bali,,,,,,,,,Agung Sedayu Group,darmawangsa square,,,,,,,,,,,,,,,,,,,
,,,,,,MNC Bank,bank mnc,,,,,,,,,rsi,poskesmas,,,,,,,,Sinar Mas,sinarmas,,,,,,,,,,,,,,,stpdn ,Institut Seni Indonesia Surakarta,institut seni indonesia surakarta,,,,,,,,,Agung Sedayu Group,green sedayu mall,,,,,,,,,,,,,,,,,,,
,,,,,,MNC Bank,mnc bank,,,,,,,,,dr ,poskesri,,,,,,,,Sinar Mas,sinar mas,,,,,,,,,,,,,,,sta,Institut Seni Indonesia Yogyakarta,institut seni indonesia yogyakarta,,,,,,,,,Agung Sedayu Group,ashta district,,,,,,,,,,,,,,,,,,,
,,,,,,Bank Nobu,bank nobu,,,,,,,,,islam,poslinde,,,,,,,,Bunda Mulia,bunda mulia,,,,,,,,,,,,,,,stiba,Institut Teknologi Bandung,institut teknologi bandung,,,,,,,,,Agung Sedayu Group,grand galaxy park,,,,,,,,,,,,,,,,,,,
,,,,,,Bank Nobu,nobu bank,,,,,,,,,,postu ,,,,,,,,Advent ,advent ,,,,,,,,,,,,,,,kesehatan,Institut Teknologi Kalimantan,institut teknologi kalimantan,,,,,,,,,Summarecon,summarecon,,,,,,,,,,,,,,,,,,,
,,,,,,Bank Andara,andara,,,,,,,,,,posyansu,,,,,,,,Tunas Bangsa,tunas bangsa ,,,,,,,,,,,,,,,kelas,Institut Teknologi Sepuluh Nopember,institut teknologi sepuluh nopember,,,,,,,,,Djarum Group,grand indonesia,,,,,,,,,,,,,,,,,,,
,,,,,,bank bumi Arta,bumi arta,,,,,,,,,,pukeswan,,,,,,,,Mutiara Harapan,mutiara harapan ,,,,,,,,,,,,,,,unit,Institut Teknologi Sumatera,institut teknologi sumatera,,,,,,,,,Djarum Group,margo city,,,,,,,,,,,,,,,,,,,
,,,,,,Bank Bumiputera,bumiputera,,,,,,,,,,pusat pelayanan kesehatan,,,,,,,,Diponegoro,diponegoro,,,,,,,,,,,,,,,pelaksana,Institut Seni Budaya Tanah Papua,institut seni budaya tanah papua,,,,,,,,,Trans Property Indonesia,transstudio,,,,,,,,,,,,,,,,,,,
,,,,,,Neo-Commere Bank,neobank,,,,,,,,,,pusat perawatan kesehatan,,,,,,,,St. Aloysius,st aloysius,,,,,,,,,,,,,,,laboratorium,Institut Teknologi Bacharuddin Jusuf Habibie,institut teknologi bacharuddin jusuf habibie,,,,,,,,,Trans Property Indonesia,trans studio,,,,,,,,,,,,,,,,,,,
,,,,,,Neo-Commere Bank,neo commerce,,,,,,,,,,pusban,,,,,,,,St. Aloysius,santo aloysius,,,,,,,,,,,,,,,lab,IAIN Syekh Nurjati Cirebon,iain syekh nurjati cirebon,,,,,,,,,Trans Property Indonesia,trans icon mall,,,,,,,,,,,,,,,,,,,
,,,,,,Bank ANZ,anz,,,,,,,,,,pusk ,,,,,,,,Kolese Gonzaga,kolese gonzaga,,,,,,,,,,,,,,,asrama,Institut Teknologi dan Bisnis Riyadlul Ulum,institut teknologi dan bisnis riyadlul ulum,,,,,,,,,Kawan Lama Group,living world,,,,,,,,,,,,,,,,,,,
,,,,,,HSBC,hsbc,,,,,,,,,,puskeas,,,,,,,,Kolese Loyola,kolese loyola,,,,,,,,,,,,,,,kantin,IAIN Purwokerto,iain purwokerto,,,,,,,,,Kawan Lama Group,living plaza,,,,,,,,,,,,,,,,,,,
,,,,,,JP Morgan,jp morgan,,,,,,,,,,puskeamas,,,,,,,,,,,,,,,,,,,,,,,,lapangan,IAIN Surakarta,iain surakarta,,,,,,,,,Ciputra Group,ciputra,,,,,,,,,,,,,,,,,,,
,,,,,,Standard Chartered,standard chartered,,,,,,,,,,puskermas,,,,,,,,,,,,,,,,,,,,,,,,balairung,Institut Agama Islam Negeri Kudus,institut agama islam negeri kudus,,,,,,,,,Ciputra Group,lotte mall,,,,,,,,,,,,,,,,,,,
,,,,,,Citibank,citibank,,,,,,,,,,puskedes,,,,,,,,,,,,,,,,,,,,,,,,,IAIN Salatiga,iain salatiga,,,,,,,,,Ciputra Group,citraland,,,,,,,,,,,,,,,,,,,
,,,,,,MUFG,mufg,,,,,,,,,,puskersi,,,,,,,,,,,,,,,,,,,,,,,,,IAIN Walisongo semarang,iain walisongo semarang,,,,,,,,,Sinarmas Land,aeon,,,,,,,,,,,,,,,,,,,
,,,,,,Bank Aladin,bank aladin,,,,,,,,,,puskes ,,,,,,,,,,,,,,,,,,,,,,,,,Institut Agama Islam Negeri Pekalongan,institut agama islam negeri pekalongan,,,,,,,,,Sinarmas Land,epicentrum walk,,,,,,,,,,,,,,,,,,,
,,,,,,Deutsche Bank,deutsche,,,,,,,,,,puskeskel,,,,,,,,,,,,,,,,,,,,,,,,,Institut Agama Islam Negeri Ponorogo,institut agama islam negeri ponorogo,,,,,,,,,Sinarmas Land,epiwalk,,,,,,,,,,,,,,,,,,,
,,,,,,QNB,qnb,,,,,,,,,,puskesma,,,,,,,,,,,,,,,,,,,,,,,,,IAIN Tulungagung,iain tulungagung,,,,,,,,,Sinarmas Land,the breeze,,,,,,,,,,,,,,,,,,,
,,,,,,CTBC Bank,ctbc,,,,,,,,,,puskesmaa,,,,,,,,,,,,,,,,,,,,,,,,,IAIN Jember,iain jember,,,,,,,,,Sinarmas Land,qbig bsd,,,,,,,,,,,,,,,,,,,
,,,,,,Bank Ganesha,bank ganesha,,,,,,,,,,puskesman,,,,,,,,,,,,,,,,,,,,,,,,,Institut Agama Islam Negeri Madura,institut agama islam negeri madura,,,,,,,,,Sinarmas Land,eastvara,,,,,,,,,,,,,,,,,,,
,,,,,,Hana Bank,keb hana,,,,,,,,,,puskestren,,,,,,,,,,,,,,,,,,,,,,,,,IAIN Sunan Ampel,iain sunan ampel,,,,,,,,,Sinarmas Land,bsd junction,,,,,,,,,,,,,,,,,,,
,,,,,,Bank Jago,jago,,,,,,,,,,puskeswan,,,,,,,,,,,,,,,,,,,,,,,,,Institut Agama Islam Negeri Kediri,institut agama islam negeri kediri,,,,,,,,,Sinarmas Land,intermoda bsd,,,,,,,,,,,,,,,,,,,
,,,,,,Bank Jago,bank jago,,,,,,,,,,puskismas,,,,,,,,,,,,,,,,,,,,,,,,,Institut Seni Budaya Indonesia Aceh,institut seni budaya indonesia aceh,,,,,,,,,Sinarmas Land,dp mall semarang,,,,,,,,,,,,,,,,,,,
,,,,,,Bank Mestika,bank mestika,,,,,,,,,,puskrsmas,,,,,,,,,,,,,,,,,,,,,,,,,Institut Agama Islam Negeri Takengon,institut agama islam negeri takengon,,,,,,,,,Sinarmas Land,fx sudirman,,,,,,,,,,,,,,,,,,,
,,,,,,Mizuho Bank,mizuho bank,,,,,,,,,,pusksmas,,,,,,,,,,,,,,,,,,,,,,,,,IAIN Ar raniry,iain ar raniry,,,,,,,,,Sinarmas Land,dp mall semarang,,,,,,,,,,,,,,,,,,,
,,,,,,Nano Bank,nano bank,,,,,,,,,,,,,,,,,,,,,,,,,,,,,,,,,,,Institut Agama Islam Negeri Lhokseumawe,institut agama islam negeri lhokseumawe,,,,,,,,,Sinarmas Land,mal ambasador,,,,,,,,,,,,,,,,,,,
,,,,,,Resona Bank,resoba bank,,,,,,,,,,,,,,,,,,,,,,,,,,,,,,,,,,,IAIN Langsa,iain langsa,,,,,,,,,Sinarmas Land,itc depok,,,,,,,,,,,,,,,,,,,
,,,,,,Bank Pardania,bank pardania,,,,,,,,,,,,,,,,,,,,,,,,,,,,,,,,,,,IAIN Sumatera Utara,iain sumatera utara,,,,,,,,,Sinarmas Land,itc mangga dua,,,,,,,,,,,,,,,,,,,
,,,,,,Saqu Bank,bank saqu,,,,,,,,,,,,,,,,,,,,,,,,,,,,,,,,,,,Institut Agama Islam Negeri Batusangkar,institut agama islam negeri batusangkar,,,,,,,,,Sinarmas Land,itc surabaya,,,,,,,,,,,,,,,,,,,
,,,,,,Shinhan Bank,shinhan,,,,,,,,,,,,,,,,,,,,,,,,,,,,,,,,,,,IAIN Bukittinggi,iain bukittinggi,,,,,,,,,Sinarmas Land,itc bsd,,,,,,,,,,,,,,,,,,,
,,,,,,Bank Ekspor Impor,ekspor,,,,,,,,,,,,,,,,,,,,,,,,,,,,,,,,,,,IAIN Imam Bonjol Padang,iain imam bonjol padang,,,,,,,,,Sinarmas Land,itc fatmawati,,,,,,,,,,,,,,,,,,,
,,,,,,Bank Ekspor Impor,impor,,,,,,,,,,,,,,,,,,,,,,,,,,,,,,,,,,,Institut Seni Indonesia Padang Panjang,institut seni indonesia padang panjang,,,,,,,,,Sinarmas Land,itc kuningan,,,,,,,,,,,,,,,,,,,
,,,,,,Bank Ekspor Impor,ekspor impor,,,,,,,,,,,,,,,,,,,,,,,,,,,,,,,,,,,Institut Agama Islam Negeri Kerinci,institut agama islam negeri kerinci,,,,,,,,,Sinarmas Land,itc roxy ,,,,,,,,,,,,,,,,,,,
,,,,,,Western Union,western union,,,,,,,,,,,,,,,,,,,,,,,,,,,,,,,,,,,Politeknik Elektronika Negeri Surabaya,politeknik elektronika negeri surabaya,,,,,,,,,Sinarmas Land,itc cempaka mas,,,,,,,,,,,,,,,,,,,
,,,,,,CCBI,bank ccb,,,,,,,,,,,,,,,,,,,,,,,,,,,,,,,,,,,Politeknik Negeri Bengkalis,politeknik negeri bengkalis,,,,,,,,,Paradise Indonesia,fx sudirman,,,,,,,,,,,,,,,,,,,
,,,,,,CCBI,china construction,,,,,,,,,,,,,,,,,,,,,,,,,,,,,,,,,,,Politeknik Manufaktur Negeri Bangka Belitung,politeknik manufaktur negeri bangka belitung,,,,,,,,,Paradise Indonesia,beachwalk shopping,,,,,,,,,,,,,,,,,,,
,,,,,,CCBI,ccbi,,,,,,,,,,,,,,,,,,,,,,,,,,,,,,,,,,,Politeknik Manufaktur Bandung,politeknik manufaktur bandung,,,,,,,,,Paradise Indonesia,23 paskal,,,,,,,,,,,,,,,,,,,
,,,,,,Bank Aspac,bank aspac,,,,,,,,,,,,,,,,,,,,,,,,,,,,,,,,,,,Politeknik Maritim Negeri Indonesia,politeknik maritim negeri indonesia,,,,,,,,,Paradise Indonesia,park 23,,,,,,,,,,,,,,,,,,,
,,,,,,Bank Index,bank index,,,,,,,,,,,,,,,,,,,,,,,,,,,,,,,,,,,Politeknik Perikanan Negeri Tual,politeknik perikanan negeri tual,,,,,,,,,Paradise Indonesia,23 semarang,,,,,,,,,,,,,,,,,,,
,,,,,,Bank Mas ,bank mas,,,,,,,,,,,,,,,,,,,,,,,,,,,,,,,,,,,Politeknik Negeri Ketapang,politeknik negeri ketapang,,,,,,,,,,,,,,,,,,,,,,,,,,,,,
,,,,,,Bank Mas ,multiarta,,,,,,,,,,,,,,,,,,,,,,,,,,,,,,,,,,,Politeknik Negeri Bali,politeknik negeri bali,,,,,,,,,,,,,,,,,,,,,,,,,,,,,
,,,,,,Bank BNI,hi bank,,,,,,,,,,,,,,,,,,,,,,,,,,,,,,,,,,,Politeknik Negeri Balikpapan,politeknik negeri balikpapan,,,,,,,,,,,,,,,,,,,,,,,,,,,,,
,,,,,,Bank Mayora,bank mayora,,,,,,,,,,,,,,,,,,,,,,,,,,,,,,,,,,,Politeknik Negeri Banjarmasin,politeknik negeri banjarmasin,,,,,,,,,,,,,,,,,,,,,,,,,,,,,
,,,,,,Bank of India,bank of india,,,,,,,,,,,,,,,,,,,,,,,,,,,,,,,,,,,Politeknik Negeri Batam,politeknik negeri batam,,,,,,,,,,,,,,,,,,,,,,,,,,,,,
,,,,,,Bank Lippo ,bank lippo,,,,,,,,,,,,,,,,,,,,,,,,,,,,,,,,,,,Politeknik Negeri Banyuwangi,politeknik negeri banyuwangi,,,,,,,,,,,,,,,,,,,,,,,,,,,,,
,,,,,,Bank Lippo ,lippo bank,,,,,,,,,,,,,,,,,,,,,,,,,,,,,,,,,,,Politeknik Negeri Bandung,politeknik negeri bandung,,,,,,,,,,,,,,,,,,,,,,,,,,,,,
,,,,,,Bank Aceh,bank aceh,,,,,,,,,,,,,,,,,,,,,,,,,,,,,,,,,,,Politeknik Negeri Cilacap,politeknik negeri cilacap,,,,,,,,,,,,,,,,,,,,,,,,,,,,,
,,,,,,Bank Sumut ,bank sumut ,,,,,,,,,,,,,,,,,,,,,,,,,,,,,,,,,,,Politeknik Negeri Fakfak,politeknik negeri fakfak,,,,,,,,,,,,,,,,,,,,,,,,,,,,,
,,,,,,Bank Riau Kepri,bank riau kepri,,,,,,,,,,,,,,,,,,,,,,,,,,,,,,,,,,,Politeknik Negeri Indramayu,politeknik negeri indramayu,,,,,,,,,,,,,,,,,,,,,,,,,,,,,
,,,,,,Bank Nagari,bank nagari,,,,,,,,,,,,,,,,,,,,,,,,,,,,,,,,,,,Politeknik Negeri Jakarta,politeknik negeri jakarta,,,,,,,,,,,,,,,,,,,,,,,,,,,,,
,,,,,,Bank Jambi,bank jambi ,,,,,,,,,,,,,,,,,,,,,,,,,,,,,,,,,,,Politeknik Negeri Jember,politeknik negeri jember,,,,,,,,,,,,,,,,,,,,,,,,,,,,,
,,,,,,Bank Bengkulu,bank bengkulu,,,,,,,,,,,,,,,,,,,,,,,,,,,,,,,,,,,Politeknik Negeri Lampung,politeknik negeri lampung,,,,,,,,,,,,,,,,,,,,,,,,,,,,,
,,,,,,Bank Sumsel Babel,bank sumselbabel,,,,,,,,,,,,,,,,,,,,,,,,,,,,,,,,,,,Politeknik Negeri Lhokseumawe,politeknik negeri lhokseumawe,,,,,,,,,,,,,,,,,,,,,,,,,,,,,
,,,,,,Bank Sumsel Babel,bank sumsel,,,,,,,,,,,,,,,,,,,,,,,,,,,,,,,,,,,Politeknik Negeri Madura,politeknik negeri madura,,,,,,,,,,,,,,,,,,,,,,,,,,,,,
,,,,,,Bank Lampung,bank lampung,,,,,,,,,,,,,,,,,,,,,,,,,,,,,,,,,,,Politeknik Negeri Madiun,politeknik negeri madiun,,,,,,,,,,,,,,,,,,,,,,,,,,,,,
,,,,,,Bank DKI Jakarta,bank dki,,,,,,,,,,,,,,,,,,,,,,,,,,,,,,,,,,,Politeknik Negeri Malang,politeknik negeri malang,,,,,,,,,,,,,,,,,,,,,,,,,,,,,
,,,,,,Bank DKI Jakarta,bank dki jakarta,,,,,,,,,,,,,,,,,,,,,,,,,,,,,,,,,,,Politeknik Negeri Manado,politeknik negeri manado,,,,,,,,,,,,,,,,,,,,,,,,,,,,,
,,,,,,Bank BJB,bank bjb,,,,,,,,,,,,,,,,,,,,,,,,,,,,,,,,,,,Politeknik Negeri Medan,politeknik negeri medan,,,,,,,,,,,,,,,,,,,,,,,,,,,,,
,,,,,,Bank Jateng,bank jateng,,,,,,,,,,,,,,,,,,,,,,,,,,,,,,,,,,,Politeknik Negeri Padang,politeknik negeri padang,,,,,,,,,,,,,,,,,,,,,,,,,,,,,
,,,,,,Bank BPD DIY,bank bpd diy,,,,,,,,,,,,,,,,,,,,,,,,,,,,,,,,,,,Politeknik Negeri Nusa Utara,politeknik negeri nusa utara,,,,,,,,,,,,,,,,,,,,,,,,,,,,,
,,,,,,Bank Jatim,bank jatim,,,,,,,,,,,,,,,,,,,,,,,,,,,,,,,,,,,Politeknik Negeri Nunukan ,politeknik negeri nunukan ,,,,,,,,,,,,,,,,,,,,,,,,,,,,,
,,,,,,Bank Kalbar,bank kalbar,,,,,,,,,,,,,,,,,,,,,,,,,,,,,,,,,,,Politeknik Pertanian Negeri Samarinda,politeknik pertanian negeri samarinda,,,,,,,,,,,,,,,,,,,,,,,,,,,,,
,,,,,,Bank Kalteng,bank kalteng,,,,,,,,,,,,,,,,,,,,,,,,,,,,,,,,,,,Politeknik Negeri Pontianak,politeknik negeri pontianak,,,,,,,,,,,,,,,,,,,,,,,,,,,,,
,,,,,,Bank Kaltimtara,bank kaltimtara,,,,,,,,,,,,,,,,,,,,,,,,,,,,,,,,,,,Politeknik Negeri Samarinda,politeknik negeri samarinda,,,,,,,,,,,,,,,,,,,,,,,,,,,,,
,,,,,,Bank Kaltimtara,bank kaltim ,,,,,,,,,,,,,,,,,,,,,,,,,,,,,,,,,,,Politeknik Negeri Sambas,politeknik negeri sambas,,,,,,,,,,,,,,,,,,,,,,,,,,,,,
,,,,,,Bank Kalsel,bank kalsel,,,,,,,,,,,,,,,,,,,,,,,,,,,,,,,,,,,Politeknik Negeri Semarang,politeknik negeri semarang,,,,,,,,,,,,,,,,,,,,,,,,,,,,,
,,,,,,Bank SulutGo,bank sulut,,,,,,,,,,,,,,,,,,,,,,,,,,,,,,,,,,,Politeknik Negeri Subang,politeknik negeri subang,,,,,,,,,,,,,,,,,,,,,,,,,,,,,
,,,,,,Bank SulutGo,bank sulutgo,,,,,,,,,,,,,,,,,,,,,,,,,,,,,,,,,,,Politeknik Negeri Sriwijaya,politeknik negeri sriwijaya,,,,,,,,,,,,,,,,,,,,,,,,,,,,,
,,,,,,Bank SulutGo,bsg,,,,,,,,,,,,,,,,,,,,,,,,,,,,,,,,,,,Politeknik Negeri Subang,politeknik negeri subang,,,,,,,,,,,,,,,,,,,,,,,,,,,,,
,,,,,,Bank SulutGo,sulut go,,,,,,,,,,,,,,,,,,,,,,,,,,,,,,,,,,,Politeknik Negeri Tanah Laut,politeknik negeri tanah laut,,,,,,,,,,,,,,,,,,,,,,,,,,,,,
,,,,,,Bank SulutGo,sulutgo,,,,,,,,,,,,,,,,,,,,,,,,,,,,,,,,,,,Politeknik Pertanian Negeri Kupang,politeknik pertanian negeri kupang,,,,,,,,,,,,,,,,,,,,,,,,,,,,,
,,,,,,Bank Sulteng,bank sulteng,,,,,,,,,,,,,,,,,,,,,,,,,,,,,,,,,,,Politeknik Pertanian Negeri Pangkajene dan Kepulauan,politeknik pertanian negeri pangkajene dan kepulauan,,,,,,,,,,,,,,,,,,,,,,,,,,,,,
,,,,,,Bank Sultra,bank sultra,,,,,,,,,,,,,,,,,,,,,,,,,,,,,,,,,,,Politeknik Pertanian Negeri Payakumbuh,politeknik pertanian negeri payakumbuh,,,,,,,,,,,,,,,,,,,,,,,,,,,,,
,,,,,,Bank Sulselbar,bank sulsel,,,,,,,,,,,,,,,,,,,,,,,,,,,,,,,,,,,Politeknik Negeri Ambon,politeknik negeri ambon,,,,,,,,,,,,,,,,,,,,,,,,,,,,,
,,,,,,Bank Sulselbar,bank sulselbar,,,,,,,,,,,,,,,,,,,,,,,,,,,,,,,,,,,Politeknik Negeri Media Kreatif,politeknik negeri media kreatif,,,,,,,,,,,,,,,,,,,,,,,,,,,,,
,,,,,,Bank BPD Bali,bpd bali,,,,,,,,,,,,,,,,,,,,,,,,,,,,,,,,,,,Politeknik Negeri Ujung Pandang,politeknik negeri ujung pandang,,,,,,,,,,,,,,,,,,,,,,,,,,,,,
,,,,,,Bank BPD Bali,bank bpd bali,,,,,,,,,,,,,,,,,,,,,,,,,,,,,,,,,,,Politeknik Perkapalan Negeri Surabaya,politeknik perkapalan negeri surabaya,,,,,,,,,,,,,,,,,,,,,,,,,,,,,
,,,,,,Bank NTB,bank ntb,,,,,,,,,,,,,,,,,,,,,,,,,,,,,,,,,,,"Politeknik APP Jakarta	","politeknik app jakarta	",,,,,,,,,,,,,,,,,,,,,,,,,,,,,
,,,,,,Bank NTT ,bank ntt,,,,,,,,,,,,,,,,,,,,,,,,,,,,,,,,,,,Politeknik STIA LAN Jakarta,politeknik stia lan jakarta,,,,,,,,,,,,,,,,,,,,,,,,,,,,,
,,,,,,Bank Maluku,bank maluku,,,,,,,,,,,,,,,,,,,,,,,,,,,,,,,,,,,Politeknik STMI Jakarta,politeknik stmi jakarta,,,,,,,,,,,,,,,,,,,,,,,,,,,,,
,,,,,,Bank Maluku,bank maluku malut,,,,,,,,,,,,,,,,,,,,,,,,,,,,,,,,,,,Politeknik Ahli Usaha Perikanan,politeknik ahli usaha perikanan,,,,,,,,,,,,,,,,,,,,,,,,,,,,,
,,,,,,Bank Papua,bank papua,,,,,,,,,,,,,,,,,,,,,,,,,,,,,,,,,,,Politeknik Jakarta Internasional,politeknik jakarta internasional,,,,,,,,,,,,,,,,,,,,,,,,,,,,,
,,,,,,Bank Banten,bank banten,,,,,,,,,,,,,,,,,,,,,,,,,,,,,,,,,,,Politeknik Negeri Media Kreatif,politeknik negeri media kreatif,,,,,,,,,,,,,,,,,,,,,,,,,,,,,
,,,,,,BPD,bank bpd,,,,,,,,,,,,,,,,,,,,,,,,,,,,,,,,,,,Poltekkes Kemenkes Jakarta I,poltekkes kemenkes jakarta i,,,,,,,,,,,,,,,,,,,,,,,,,,,,,
,,,,,,BPD,bank pembangunan daerah,,,,,,,,,,,,,,,,,,,,,,,,,,,,,,,,,,,Poltekkes Kemenkes Jakarta II,poltekkes kemenkes jakarta ii,,,,,,,,,,,,,,,,,,,,,,,,,,,,,
,,,,,,BPD,bpd,,,,,,,,,,,,,,,,,,,,,,,,,,,,,,,,,,,Politeknik Statistika STIS,politeknik statistika stis,,,,,,,,,,,,,,,,,,,,,,,,,,,,,
,,,,,,BPR,bpr,,,,,,,,,,,,,,,,,,,,,,,,,,,,,,,,,,,Politeknik Ketenagakerjaan,politeknik ketenagakerjaan,,,,,,,,,,,,,,,,,,,,,,,,,,,,,
,,,,,,BPR,bank perkreditan rakyat,,,,,,,,,,,,,,,,,,,,,,,,,,,,,,,,,,,Politeknik AKA Bogor,politeknik aka bogor,,,,,,,,,,,,,,,,,,,,,,,,,,,,,
,,,,,,BPR,bank perkereditan rakyat,,,,,,,,,,,,,,,,,,,,,,,,,,,,,,,,,,,Politeknik Siber dan Sandi Negara,politeknik siber dan sandi negara,,,,,,,,,,,,,,,,,,,,,,,,,,,,,
,,,,,,BPR,bank perekonomian rakyat,,,,,,,,,,,,,,,,,,,,,,,,,,,,,,,,,,,Politeknik Kelautan dan Perikanan Karawang,politeknik kelautan dan perikanan karawang,,,,,,,,,,,,,,,,,,,,,,,,,,,,,
,,,,,,BPRS,bprs,,,,,,,,,,,,,,,,,,,,,,,,,,,,,,,,,,,Politeknik Transportasi Darat Indonesia ,politeknik transportasi darat indonesia ,,,,,,,,,,,,,,,,,,,,,,,,,,,,,
,,,,,,BPRS,bank bprs,,,,,,,,,,,,,,,,,,,,,,,,,,,,,,,,,,,Politeknik Kelautan dan Perikanan Pangandaran,politeknik kelautan dan perikanan pangandaran,,,,,,,,,,,,,,,,,,,,,,,,,,,,,
,,,,,,Bank Ina Perdana,bank ina perdana,,,,,,,,,,,,,,,,,,,,,,,,,,,,,,,,,,,Politeknik Energi dan Pertambangan Bandung,politeknik energi dan pertambangan bandung,,,,,,,,,,,,,,,,,,,,,,,,,,,,,
,,,,,,Bank Adira,bank adira,,,,,,,,,,,,,,,,,,,,,,,,,,,,,,,,,,,Politeknik Kesejahteraan Sosial Bandung,politeknik kesejahteraan sosial bandung,,,,,,,,,,,,,,,,,,,,,,,,,,,,,
,,,,,,OCBC,nisp,,,,,,,,,,,,,,,,,,,,,,,,,,,,,,,,,,,Politeknik Manufaktur Bandung,politeknik manufaktur bandung,,,,,,,,,,,,,,,,,,,,,,,,,,,,,
,,,,,,Bank Sinar Harapan Bali,sinar harapan bali,,,,,,,,,,,,,,,,,,,,,,,,,,,,,,,,,,,Politeknik Negeri Bandung,politeknik negeri bandung,,,,,,,,,,,,,,,,,,,,,,,,,,,,,
,,,,,,CNB,cnb bank,,,,,,,,,,,,,,,,,,,,,,,,,,,,,,,,,,,Politeknik STTT Bandung,politeknik sttt bandung,,,,,,,,,,,,,,,,,,,,,,,,,,,,,
,,,,,,CNB,bank cnb,,,,,,,,,,,,,,,,,,,,,,,,,,,,,,,,,,,Poltekkes Kemenkes Bandung,poltekkes kemenkes bandung,,,,,,,,,,,,,,,,,,,,,,,,,,,,,
,,,,,,Permata,permatabank,,,,,,,,,,,,,,,,,,,,,,,,,,,,,,,,,,,Politeknik STIA LAN Bandung,politeknik stia lan bandung,,,,,,,,,,,,,,,,,,,,,,,,,,,,,
,,,,,,Bank Syariah,bank syariah,,,,,,,,,,,,,,,,,,,,,,,,,,,,,,,,,,,Politeknik Pembangunan Pertanian Bogor,politeknik pembangunan pertanian bogor,,,,,,,,,,,,,,,,,,,,,,,,,,,,,
,,,,,,Bank Anda,bank anda,,,,,,,,,,,,,,,,,,,,,,,,,,,,,,,,,,,Poltekkes Kemenkes Jakarta III,poltekkes kemenkes jakarta iii,,,,,,,,,,,,,,,,,,,,,,,,,,,,,
,,,,,,Akasia ,bank akasia,,,,,,,,,,,,,,,,,,,,,,,,,,,,,,,,,,,Politeknik Ilmu Pemasyarakatan,politeknik ilmu pemasyarakatan,,,,,,,,,,,,,,,,,,,,,,,,,,,,,
,,,,,,Akasia ,akasia bank,,,,,,,,,,,,,,,,,,,,,,,,,,,,,,,,,,,Poltekkes Kemenkes Tasikmalaya,poltekkes kemenkes tasikmalaya,,,,,,,,,,,,,,,,,,,,,,,,,,,,,
,,,,,,BMD Syariah,bmd,,,,,,,,,,,,,,,,,,,,,,,,,,,,,,,,,,,Politeknik Negeri Cilacap,politeknik negeri cilacap,,,,,,,,,,,,,,,,,,,,,,,,,,,,,
,,,,,,Mandiri,bsm,,,,,,,,,,,,,,,,,,,,,,,,,,,,,,,,,,,Politeknik Pembangunan Pertanian Yogyakarta Magelang,politeknik pembangunan pertanian yogyakarta magelang,,,,,,,,,,,,,,,,,,,,,,,,,,,,,
,,,,,,,,,,,,,,,,,,,,,,,,,,,,,,,,,,,,,,,,,,Politeknik Energi dan Mineral Akamigas,politeknik energi dan mineral akamigas,,,,,,,,,,,,,,,,,,,,,,,,,,,,,
,,,,,,,,,,,,,,,,,,,,,,,,,,,,,,,,,,,,,,,,,,Politeknik Industri Furnitur dan Pengolahan Kayu,politeknik industri furnitur dan pengolahan kayu,,,,,,,,,,,,,,,,,,,,,,,,,,,,,
,,,,,,,,,,,,,,,,,,,,,,,,,,,,,,,,,,,,,,,,,,Poltekkes Kemenkes Surakarta,poltekkes kemenkes surakarta,,,,,,,,,,,,,,,,,,,,,,,,,,,,,
,,,,,,,,,,,,,,,,,,,,,,,,,,,,,,,,,,,,,,,,,,Politeknik Keselamatan Transportasi Jalan,politeknik keselamatan transportasi jalan,,,,,,,,,,,,,,,,,,,,,,,,,,,,,
,,,,,,,,,,,,,,,,,,,,,,,,,,,,,,,,,,,,,,,,,,Politeknik Ilmu Pelayaran Semarang,politeknik ilmu pelayaran semarang,,,,,,,,,,,,,,,,,,,,,,,,,,,,,
,,,,,,,,,,,,,,,,,,,,,,,,,,,,,,,,,,,,,,,,,,Politeknik Keuangan Negara STAN,politeknik keuangan negara stan,,,,,,,,,,,,,,,,,,,,,,,,,,,,,
,,,,,,,,,,,,,,,,,,,,,,,,,,,,,,,,,,,,,,,,,,Politeknik Maritim Negeri Indonesia,politeknik maritim negeri indonesia,,,,,,,,,,,,,,,,,,,,,,,,,,,,,
,,,,,,,,,,,,,,,,,,,,,,,,,,,,,,,,,,,,,,,,,,Politeknik Pekerjaan Umum,politeknik pekerjaan umum,,,,,,,,,,,,,,,,,,,,,,,,,,,,,
,,,,,,,,,,,,,,,,,,,,,,,,,,,,,,,,,,,,,,,,,,Poltekkes Kemenkes Semarang,poltekkes kemenkes semarang,,,,,,,,,,,,,,,,,,,,,,,,,,,,,
,,,,,,,,,,,,,,,,,,,,,,,,,,,,,,,,,,,,,,,,,,Poltekkes Kemenkes Yogyakarta,poltekkes kemenkes yogyakarta,,,,,,,,,,,,,,,,,,,,,,,,,,,,,
,,,,,,,,,,,,,,,,,,,,,,,,,,,,,,,,,,,,,,,,,,Politeknik ATK Yogyakarta,politeknik atk yogyakarta,,,,,,,,,,,,,,,,,,,,,,,,,,,,,
,,,,,,,,,,,,,,,,,,,,,,,,,,,,,,,,,,,,,,,,,,Politeknik Kelautan dan Perikanan Sidoarjo,politeknik kelautan dan perikanan sidoarjo,,,,,,,,,,,,,,,,,,,,,,,,,,,,,
,,,,,,,,,,,,,,,,,,,,,,,,,,,,,,,,,,,,,,,,,,Politeknik Pertanian dan Peternakan Mapena,politeknik pertanian dan peternakan mapena,,,,,,,,,,,,,,,,,,,,,,,,,,,,,
,,,,,,,,,,,,,,,,,,,,,,,,,,,,,,,,,,,,,,,,,,Politeknik Pembangunan Pertanian Malang,politeknik pembangunan pertanian malang,,,,,,,,,,,,,,,,,,,,,,,,,,,,,
,,,,,,,,,,,,,,,,,,,,,,,,,,,,,,,,,,,,,,,,,,Politeknik Angkatan Laut,politeknik angkatan laut,,,,,,,,,,,,,,,,,,,,,,,,,,,,,
,,,,,,,,,,,,,,,,,,,,,,,,,,,,,,,,,,,,,,,,,,Politeknik Pelayaran Surabaya,politeknik pelayaran surabaya,,,,,,,,,,,,,,,,,,,,,,,,,,,,,
,,,,,,,,,,,,,,,,,,,,,,,,,,,,,,,,,,,,,,,,,,Politeknik Perkapalan Negeri Surabaya,politeknik perkapalan negeri surabaya,,,,,,,,,,,,,,,,,,,,,,,,,,,,,
,,,,,,,,,,,,,,,,,,,,,,,,,,,,,,,,,,,,,,,,,,Poltekkes Kemenkes Surabaya,poltekkes kemenkes surabaya,,,,,,,,,,,,,,,,,,,,,,,,,,,,,
,,,,,,,,,,,,,,,,,,,,,,,,,,,,,,,,,,,,,,,,,,Politeknik Penerbangan Surabaya,politeknik penerbangan surabaya,,,,,,,,,,,,,,,,,,,,,,,,,,,,,
,,,,,,,,,,,,,,,,,,,,,,,,,,,,,,,,,,,,,,,,,,Politeknik Elektronika Negeri Surabaya,politeknik elektronika negeri surabaya,,,,,,,,,,,,,,,,,,,,,,,,,,,,,
,,,,,,,,,,,,,,,,,,,,,,,,,,,,,,,,,,,,,,,,,,Poltekkes Kemenkes Malang,poltekkes kemenkes malang,,,,,,,,,,,,,,,,,,,,,,,,,,,,,
,,,,,,,,,,,,,,,,,,,,,,,,,,,,,,,,,,,,,,,,,,Politeknik Perkeretaapian Indonesia Madiun,politeknik perkeretaapian indonesia madiun,,,,,,,,,,,,,,,,,,,,,,,,,,,,,
,,,,,,,,,,,,,,,,,,,,,,,,,,,,,,,,,,,,,,,,,,Politeknik Angkatan Darat,politeknik angkatan darat,,,,,,,,,,,,,,,,,,,,,,,,,,,,,
,,,,,,,,,,,,,,,,,,,,,,,,,,,,,,,,,,,,,,,,,,Politeknik Pelayaran Malahayati,politeknik pelayaran malahayati,,,,,,,,,,,,,,,,,,,,,,,,,,,,,
,,,,,,,,,,,,,,,,,,,,,,,,,,,,,,,,,,,,,,,,,,Poltekkes Kemenkes Aceh,poltekkes kemenkes aceh,,,,,,,,,,,,,,,,,,,,,,,,,,,,,
,,,,,,,,,,,,,,,,,,,,,,,,,,,,,,,,,,,,,,,,,,Politeknik Negeri Lhokseumawe,politeknik negeri lhokseumawe,,,,,,,,,,,,,,,,,,,,,,,,,,,,,
,,,,,,,,,,,,,,,,,,,,,,,,,,,,,,,,,,,,,,,,,,Politeknik Pariwisata Medan,politeknik pariwisata medan,,,,,,,,,,,,,,,,,,,,,,,,,,,,,
,,,,,,,,,,,,,,,,,,,,,,,,,,,,,,,,,,,,,,,,,,Politeknik Pembangunan Pertanian Medan,politeknik pembangunan pertanian medan,,,,,,,,,,,,,,,,,,,,,,,,,,,,,
,,,,,,,,,,,,,,,,,,,,,,,,,,,,,,,,,,,,,,,,,,Politeknik Penerbangan Medan,politeknik penerbangan medan,,,,,,,,,,,,,,,,,,,,,,,,,,,,,
,,,,,,,,,,,,,,,,,,,,,,,,,,,,,,,,,,,,,,,,,,Politeknik Teknologi Kimia Industri Medan,politeknik teknologi kimia industri medan,,,,,,,,,,,,,,,,,,,,,,,,,,,,,
,,,,,,,,,,,,,,,,,,,,,,,,,,,,,,,,,,,,,,,,,,Poltekkes Kemenkes Medan,poltekkes kemenkes medan,,,,,,,,,,,,,,,,,,,,,,,,,,,,,
,,,,,,,,,,,,,,,,,,,,,,,,,,,,,,,,,,,,,,,,,,Politeknik Pertanian Negeri Payakumbuh,politeknik pertanian negeri payakumbuh,,,,,,,,,,,,,,,,,,,,,,,,,,,,,
,,,,,,,,,,,,,,,,,,,,,,,,,,,,,,,,,,,,,,,,,,Politeknik Pelayaran Sumatera Barat,politeknik pelayaran sumatera barat,,,,,,,,,,,,,,,,,,,,,,,,,,,,,
,,,,,,,,,,,,,,,,,,,,,,,,,,,,,,,,,,,,,,,,,,Politeknik ATI Padang,politeknik ati padang,,,,,,,,,,,,,,,,,,,,,,,,,,,,,
,,,,,,,,,,,,,,,,,,,,,,,,,,,,,,,,,,,,,,,,,,Poltekkes Kemenkes Padang,poltekkes kemenkes padang,,,,,,,,,,,,,,,,,,,,,,,,,,,,,
,,,,,,,,,,,,,,,,,,,,,,,,,,,,,,,,,,,,,,,,,,Politeknik Negeri Bengkalis,politeknik negeri bengkalis,,,,,,,,,,,,,,,,,,,,,,,,,,,,,
,,,,,,,,,,,,,,,,,,,,,,,,,,,,,,,,,,,,,,,,,,Politeknik Kelautan dan Perikanan Dumai,politeknik kelautan dan perikanan dumai,,,,,,,,,,,,,,,,,,,,,,,,,,,,,
,,,,,,,,,,,,,,,,,,,,,,,,,,,,,,,,,,,,,,,,,,Poltekkes Kemenkes Jambi,poltekkes kemenkes jambi,,,,,,,,,,,,,,,,,,,,,,,,,,,,,
,,,,,,,,,,,,,,,,,,,,,,,,,,,,,,,,,,,,,,,,,,Politeknik Akademi Pimpinan Perusahaan,politeknik akademi pimpinan perusahaan,,,,,,,,,,,,,,,,,,,,,,,,,,,,,
,,,,,,,,,,,,,,,,,,,,,,,,,,,,,,,,,,,,,,,,,,Akademi Teknologi Industri Padang,akademi teknologi industri padang,,,,,,,,,,,,,,,,,,,,,,,,,,,,,
,,,,,,,,,,,,,,,,,,,,,,,,,,,,,,,,,,,,,,,,,,Akademi Teknologi Kimia Industri Medan,akademi teknologi kimia industri medan,,,,,,,,,,,,,,,,,,,,,,,,,,,,,
,,,,,,,,,,,,,,,,,,,,,,,,,,,,,,,,,,,,,,,,,,Akademi Teknik dan Keselamatan Penerbangan Medan,akademi teknik dan keselamatan penerbangan medan,,,,,,,,,,,,,,,,,,,,,,,,,,,,,
,,,,,,,,,,,,,,,,,,,,,,,,,,,,,,,,,,,,,,,,,,Akademi Perkeretaapian Indonesia Madiun,akademi perkeretaapian indonesia madiun,,,,,,,,,,,,,,,,,,,,,,,,,,,,,
,,,,,,,,,,,,,,,,,,,,,,,,,,,,,,,,,,,,,,,,,,Akademi Teknik dan Keselamatan Penerbangan Surabaya,akademi teknik dan keselamatan penerbangan surabaya,,,,,,,,,,,,,,,,,,,,,,,,,,,,,
,,,,,,,,,,,,,,,,,,,,,,,,,,,,,,,,,,,,,,,,,,Akademi Angkatan Laut,akademi angkatan laut,,,,,,,,,,,,,,,,,,,,,,,,,,,,,
,,,,,,,,,,,,,,,,,,,,,,,,,,,,,,,,,,,,,,,,,,Akademi Penerbang Indonesia Banyuwangi,akademi penerbang indonesia banyuwangi,,,,,,,,,,,,,,,,,,,,,,,,,,,,,
,,,,,,,,,,,,,,,,,,,,,,,,,,,,,,,,,,,,,,,,,,Akademi Perikanan Sidoarjo,akademi perikanan sidoarjo,,,,,,,,,,,,,,,,,,,,,,,,,,,,,
,,,,,,,,,,,,,,,,,,,,,,,,,,,,,,,,,,,,,,,,,,Akademi Angkatan Udara,akademi angkatan udara,,,,,,,,,,,,,,,,,,,,,,,,,,,,,
,,,,,,,,,,,,,,,,,,,,,,,,,,,,,,,,,,,,,,,,,,Akademi teknologi Kulit Yogyakarta,akademi teknologi kulit yogyakarta,,,,,,,,,,,,,,,,,,,,,,,,,,,,,
,,,,,,,,,,,,,,,,,,,,,,,,,,,,,,,,,,,,,,,,,,Akademi Komunitas Industri Tekstil dan Produk Tekstil Surakarta,akademi komunitas industri tekstil dan produk tekstil surakarta,,,,,,,,,,,,,,,,,,,,,,,,,,,,,
,,,,,,,,,,,,,,,,,,,,,,,,,,,,,,,,,,,,,,,,,,Akademi Militer Magelang,akademi militer magelang,,,,,,,,,,,,,,,,,,,,,,,,,,,,,
,,,,,,,,,,,,,,,,,,,,,,,,,,,,,,,,,,,,,,,,,,Akademi Minyak dan Gas Bumi ,akademi minyak dan gas bumi ,,,,,,,,,,,,,,,,,,,,,,,,,,,,,
,,,,,,,,,,,,,,,,,,,,,,,,,,,,,,,,,,,,,,,,,,Akademi Kepolisian,akademi kepolisian,,,,,,,,,,,,,,,,,,,,,,,,,,,,,
,,,,,,,,,,,,,,,,,,,,,,,,,,,,,,,,,,,,,,,,,,Akademi Imigrasi Kementerian Hukum dan Ham,akademi imigrasi kementerian hukum dan ham,,,,,,,,,,,,,,,,,,,,,,,,,,,,,
,,,,,,,,,,,,,,,,,,,,,,,,,,,,,,,,,,,,,,,,,,Akademi Metrologi dan Instrumentasi,akademi metrologi dan instrumentasi,,,,,,,,,,,,,,,,,,,,,,,,,,,,,
,,,,,,,,,,,,,,,,,,,,,,,,,,,,,,,,,,,,,,,,,,Akademi Kimia Analisis,akademi kimia analisis,,,,,,,,,,,,,,,,,,,,,,,,,,,,,
,,,,,,,,,,,,,,,,,,,,,,,,,,,,,,,,,,,,,,,,,,Akademi Ilmu Pemasyarakatan,akademi ilmu pemasyarakatan,,,,,,,,,,,,,,,,,,,,,,,,,,,,,
,,,,,,,,,,,,,,,,,,,,,,,,,,,,,,,,,,,,,,,,,,Akademi Komunitas Negeri Seni dan Budaya Yogyakarta,akademi komunitas negeri seni dan budaya yogyakarta,,,,,,,,,,,,,,,,,,,,,,,,,,,,,
,,,,,,,,,,,,,,,,,,,,,,,,,,,,,,,,,,,,,,,,,,Akademi Komunitas Negeri Aceh Barat,akademi komunitas negeri aceh barat,,,,,,,,,,,,,,,,,,,,,,,,,,,,,
,,,,,,,,,,,,,,,,,,,,,,,,,,,,,,,,,,,,,,,,,,Akademi Komunitas Negeri Rejang Lebong,akademi komunitas negeri rejang lebong,,,,,,,,,,,,,,,,,,,,,,,,,,,,,
,,,,,,,,,,,,,,,,,,,,,,,,,,,,,,,,,,,,,,,,,,Akademi Komunitas Negeri Putra Sang Fajar Blitar,akademi komunitas negeri putra sang fajar blitar,,,,,,,,,,,,,,,,,,,,,,,,,,,,,
,,,,,,,,,,,,,,,,,,,,,,,,,,,,,,,,,,,,,,,,,,Akademi Komunitas Negeri Pacitan ,akademi komunitas negeri pacitan ,,,,,,,,,,,,,,,,,,,,,,,,,,,,,
,,,,,,,,,,,,,,,,,,,,,,,,,,,,,,,,,,,,,,,,,,Akademi Pariwisata Medan,akademi pariwisata medan,,,,,,,,,,,,,,,,,,,,,,,,,,,,,
,,,,,,,,,,,,,,,,,,,,,,,,,,,,,,,,,,,,,,,,,,Sekolah Tinggi Seni Indonesia Bandung,sekolah tinggi seni indonesia bandung,,,,,,,,,,,,,,,,,,,,,,,,,,,,,
,,,,,,,,,,,,,,,,,,,,,,,,,,,,,,,,,,,,,,,,,,Sekolah Tinggi Ilmu Statistik,sekolah tinggi ilmu statistik,,,,,,,,,,,,,,,,,,,,,,,,,,,,,
,,,,,,,,,,,,,,,,,,,,,,,,,,,,,,,,,,,,,,,,,,STIA Lembaga Administrasi Negara Jakarta,stia lembaga administrasi negara jakarta,,,,,,,,,,,,,,,,,,,,,,,,,,,,,
,,,,,,,,,,,,,,,,,,,,,,,,,,,,,,,,,,,,,,,,,,Sekolah Tinggi Manajemen Industri,sekolah tinggi manajemen industri,,,,,,,,,,,,,,,,,,,,,,,,,,,,,
,,,,,,,,,,,,,,,,,,,,,,,,,,,,,,,,,,,,,,,,,,Sekolah Tinggi Ilmu Pelayaran Jakarta,sekolah tinggi ilmu pelayaran jakarta,,,,,,,,,,,,,,,,,,,,,,,,,,,,,
,,,,,,,,,,,,,,,,,,,,,,,,,,,,,,,,,,,,,,,,,,Sekolah Tinggi Perikanan,sekolah tinggi perikanan,,,,,,,,,,,,,,,,,,,,,,,,,,,,,
,,,,,,,,,,,,,,,,,,,,,,,,,,,,,,,,,,,,,,,,,,Sekolah Tinggi Ilmu Kepolisian,sekolah tinggi ilmu kepolisian,,,,,,,,,,,,,,,,,,,,,,,,,,,,,
,,,,,,,,,,,,,,,,,,,,,,,,,,,,,,,,,,,,,,,,,,Sekolah Tinggi Hukum Militer AHM PTHM,sekolah tinggi hukum militer ahm pthm,,,,,,,,,,,,,,,,,,,,,,,,,,,,,
,,,,,,,,,,,,,,,,,,,,,,,,,,,,,,,,,,,,,,,,,,Sekolah Tinggi Agama Hindu Dharma Nusantara Jakarta,sekolah tinggi agama hindu dharma nusantara jakarta,,,,,,,,,,,,,,,,,,,,,,,,,,,,,
,,,,,,,,,,,,,,,,,,,,,,,,,,,,,,,,,,,,,,,,,,Sekolah Tinggi Sandi Negara,sekolah tinggi sandi negara,,,,,,,,,,,,,,,,,,,,,,,,,,,,,
,,,,,,,,,,,,,,,,,,,,,,,,,,,,,,,,,,,,,,,,,,Sekolah Tinggi Intelijen Negara,sekolah tinggi intelijen negara,,,,,,,,,,,,,,,,,,,,,,,,,,,,,
,,,,,,,,,,,,,,,,,,,,,,,,,,,,,,,,,,,,,,,,,,Sekolah Tinggi Transportasi Darat Bekasi,sekolah tinggi transportasi darat bekasi,,,,,,,,,,,,,,,,,,,,,,,,,,,,,
,,,,,,,,,,,,,,,,,,,,,,,,,,,,,,,,,,,,,,,,,,Sekolah Tinggi Kesejahteraan Sosial,sekolah tinggi kesejahteraan sosial,,,,,,,,,,,,,,,,,,,,,,,,,,,,,
,,,,,,,,,,,,,,,,,,,,,,,,,,,,,,,,,,,,,,,,,,Sekolah Tinggi Pariwisata Bandung,sekolah tinggi pariwisata bandung,,,,,,,,,,,,,,,,,,,,,,,,,,,,,
,,,,,,,,,,,,,,,,,,,,,,,,,,,,,,,,,,,,,,,,,,Sekolah Tinggi Seni Indonesia Bandung,sekolah tinggi seni indonesia bandung,,,,,,,,,,,,,,,,,,,,,,,,,,,,,
,,,,,,,,,,,,,,,,,,,,,,,,,,,,,,,,,,,,,,,,,,Sekolah tinggi Teknologi Tekstil Bandung,sekolah tinggi teknologi tekstil bandung,,,,,,,,,,,,,,,,,,,,,,,,,,,,,
,,,,,,,,,,,,,,,,,,,,,,,,,,,,,,,,,,,,,,,,,,STIA Lembaga Administrasi Negara Bandung,stia lembaga administrasi negara bandung,,,,,,,,,,,,,,,,,,,,,,,,,,,,,
,,,,,,,,,,,,,,,,,,,,,,,,,,,,,,,,,,,,,,,,,,Sekolah Tinggi Ilmu Komputer El Rahma,sekolah tinggi ilmu komputer el rahma,,,,,,,,,,,,,,,,,,,,,,,,,,,,,
,,,,,,,,,,,,,,,,,,,,,,,,,,,,,,,,,,,,,,,,,,Sekolah Tinggi Penyuluhan Pertanian Bogor,sekolah tinggi penyuluhan pertanian bogor,,,,,,,,,,,,,,,,,,,,,,,,,,,,,
,,,,,,,,,,,,,,,,,,,,,,,,,,,,,,,,,,,,,,,,,,STAIN Purwokerto,stain purwokerto,,,,,,,,,,,,,,,,,,,,,,,,,,,,,
,,,,,,,,,,,,,,,,,,,,,,,,,,,,,,,,,,,,,,,,,,Sekolah Tinggi Penyuluhan Pertanian Magelang,sekolah tinggi penyuluhan pertanian magelang,,,,,,,,,,,,,,,,,,,,,,,,,,,,,
,,,,,,,,,,,,,,,,,,,,,,,,,,,,,,,,,,,,,,,,,,Sekolah Tinggi Hindu Dharma Klaten Jawa Tengah,sekolah tinggi hindu dharma klaten jawa tengah,,,,,,,,,,,,,,,,,,,,,,,,,,,,,
,,,,,,,,,,,,,,,,,,,,,,,,,,,,,,,,,,,,,,,,,,STAIN Surakarta,stain surakarta,,,,,,,,,,,,,,,,,,,,,,,,,,,,,
,,,,,,,,,,,,,,,,,,,,,,,,,,,,,,,,,,,,,,,,,,Sekolah Tinggi Agama Buddha Negeri Raden Wijaya,sekolah tinggi agama buddha negeri raden wijaya,,,,,,,,,,,,,,,,,,,,,,,,,,,,,
,,,,,,,,,,,,,,,,,,,,,,,,,,,,,,,,,,,,,,,,,,Sekolah Tinggi Energi dan Mineral,sekolah tinggi energi dan mineral,,,,,,,,,,,,,,,,,,,,,,,,,,,,,
,,,,,,,,,,,,,,,,,,,,,,,,,,,,,,,,,,,,,,,,,,STAIN Kudus,stain kudus,,,,,,,,,,,,,,,,,,,,,,,,,,,,,
,,,,,,,,,,,,,,,,,,,,,,,,,,,,,,,,,,,,,,,,,,STAIN Salatiga,stain salatiga,,,,,,,,,,,,,,,,,,,,,,,,,,,,,
,,,,,,,,,,,,,,,,,,,,,,,,,,,,,,,,,,,,,,,,,,STAIN Pekalongan,stain pekalongan,,,,,,,,,,,,,,,,,,,,,,,,,,,,,
,,,,,,,,,,,,,,,,,,,,,,,,,,,,,,,,,,,,,,,,,,Sekolah Tinggi Pertanahan Nasional,sekolah tinggi pertanahan nasional,,,,,,,,,,,,,,,,,,,,,,,,,,,,,
,,,,,,,,,,,,,,,,,,,,,,,,,,,,,,,,,,,,,,,,,,Sekolah Tinggi Teknologi Nuklir Yogyakarta,sekolah tinggi teknologi nuklir yogyakarta,,,,,,,,,,,,,,,,,,,,,,,,,,,,,
,,,,,,,,,,,,,,,,,,,,,,,,,,,,,,,,,,,,,,,,,,Sekolah Tinggi Multi Media Yogyakarta,sekolah tinggi multi media yogyakarta,,,,,,,,,,,,,,,,,,,,,,,,,,,,,
,,,,,,,,,,,,,,,,,,,,,,,,,,,,,,,,,,,,,,,,,,STAIN Ponorogo,stain ponorogo,,,,,,,,,,,,,,,,,,,,,,,,,,,,,
,,,,,,,,,,,,,,,,,,,,,,,,,,,,,,,,,,,,,,,,,,Sekolah Tinggi Penyuluhan Pertanian Malang,sekolah tinggi penyuluhan pertanian malang,,,,,,,,,,,,,,,,,,,,,,,,,,,,,
,,,,,,,,,,,,,,,,,,,,,,,,,,,,,,,,,,,,,,,,,,STAIN Jember,stain jember,,,,,,,,,,,,,,,,,,,,,,,,,,,,,
,,,,,,,,,,,,,,,,,,,,,,,,,,,,,,,,,,,,,,,,,,STAIN Pemekasan,stain pemekasan,,,,,,,,,,,,,,,,,,,,,,,,,,,,,
,,,,,,,,,,,,,,,,,,,,,,,,,,,,,,,,,,,,,,,,,,Sekolah Tinggi Teknologi Angkatan Laut,sekolah tinggi teknologi angkatan laut,,,,,,,,,,,,,,,,,,,,,,,,,,,,,
,,,,,,,,,,,,,,,,,,,,,,,,,,,,,,,,,,,,,,,,,,Sekolah Tinggi Agama Hindu Shantika Dharma Malang,sekolah tinggi agama hindu shantika dharma malang,,,,,,,,,,,,,,,,,,,,,,,,,,,,,
,,,,,,,,,,,,,,,,,,,,,,,,,,,,,,,,,,,,,,,,,,STAIN Kediri,stain kediri,,,,,,,,,,,,,,,,,,,,,,,,,,,,,
,,,,,,,,,,,,,,,,,,,,,,,,,,,,,,,,,,,,,,,,,,Sekolah Tinggi Ilmu Tarbiyah Darussalamah Pidie Banda Aceh,sekolah tinggi ilmu tarbiyah darussalamah pidie banda aceh,,,,,,,,,,,,,,,,,,,,,,,,,,,,,
,,,,,,,,,,,,,,,,,,,,,,,,,,,,,,,,,,,,,,,,,,Sekolah Tinggi Ilmu Tarbiyah Syamsuddhuha Aceh Utara Banda Aceh,sekolah tinggi ilmu tarbiyah syamsuddhuha aceh utara banda aceh,,,,,,,,,,,,,,,,,,,,,,,,,,,,,
,,,,,,,,,,,,,,,,,,,,,,,,,,,,,,,,,,,,,,,,,,STAIN Gajah Putih Takengon Aceh Tengah,stain gajah putih takengon aceh tengah,,,,,,,,,,,,,,,,,,,,,,,,,,,,,
,,,,,,,,,,,,,,,,,,,,,,,,,,,,,,,,,,,,,,,,,,STAIN Malikussaleh,stain malikussaleh,,,,,,,,,,,,,,,,,,,,,,,,,,,,,
,,,,,,,,,,,,,,,,,,,,,,,,,,,,,,,,,,,,,,,,,,Sekolah Tinggi Ilmu Tarbiyah Syamsuddhuha Aceh Utara Banda Aceh,sekolah tinggi ilmu tarbiyah syamsuddhuha aceh utara banda aceh,,,,,,,,,,,,,,,,,,,,,,,,,,,,,
,,,,,,,,,,,,,,,,,,,,,,,,,,,,,,,,,,,,,,,,,,STAK Negeri Tarutung,stak negeri tarutung,,,,,,,,,,,,,,,,,,,,,,,,,,,,,
,,,,,,,,,,,,,,,,,,,,,,,,,,,,,,,,,,,,,,,,,,Sekolah Tinggi Agama Islam Negeri Mandailing Natal,sekolah tinggi agama islam negeri mandailing natal,,,,,,,,,,,,,,,,,,,,,,,,,,,,,
,,,,,,,,,,,,,,,,,,,,,,,,,,,,,,,,,,,,,,,,,,Sekolah Tinggi Penyuluhan Pertanian Medan,sekolah tinggi penyuluhan pertanian medan,,,,,,,,,,,,,,,,,,,,,,,,,,,,,
,,,,,,,,,,,,,,,,,,,,,,,,,,,,,,,,,,,,,,,,,,STAIN Padang Sidempuan,stain padang sidempuan,,,,,,,,,,,,,,,,,,,,,,,,,,,,,
,,,,,,,,,,,,,,,,,,,,,,,,,,,,,,,,,,,,,,,,,,STAIN Batusangkar,stain batusangkar,,,,,,,,,,,,,,,,,,,,,,,,,,,,,
,,,,,,,,,,,,,,,,,,,,,,,,,,,,,,,,,,,,,,,,,,STAIN Sjech M Djamil Djambek Bukittinggi,stain sjech m djamil djambek bukittinggi,,,,,,,,,,,,,,,,,,,,,,,,,,,,,
,,,,,,,,,,,,,,,,,,,,,,,,,,,,,,,,,,,,,,,,,,Sekolah Tinggi Seni Indonesia Padang Panjang,sekolah tinggi seni indonesia padang panjang,,,,,,,,,,,,,,,,,,,,,,,,,,,,,
,,,,,,,,,,,,,,,,,,,,,,,,,,,,,,,,,,,,,,,,,,STAIN Bengkalis,stain bengkalis,,,,,,,,,,,,,,,,,,,,,,,,,,,,,
,,,,,,,,,,,,,,,,,,,,,,,,,,,,,,,,,,,,,,,,,,STAIN Kerinci,stain kerinci,,,,,,,,,,,,,,,,,,,,,,,,,,,,,
